FIPS,label,type,value,title
1,AL,state,30.6,Cumulative incidence of a LDC-C test at 90 days post-MI %
2,AK,state,17.1,
4,AZ,state,32.5,
5,AR,state,26.8,
6,CA,state,33.2,
8,CO,state,26.3,
9,CT,state,29.8,
10,DE,state,29.9,
11,DC,state,25.2,
12,FL,state,38.4,
13,GA,state,31.7,
15,HI,state,42.6,
16,ID,state,20.2,
17,IL,state,26.5,
18,IN,state,23.7,
19,IA,state,21.3,
20,KS,state,21.9,
21,KY,state,28.9,
22,LA,state,29.1,
23,ME,state,22.9,
24,MD,state,30.4,
25,MA,state,30.4,
26,MI,state,25.7,
27,MN,state,21.7,
28,MS,state,26.9,
29,MD,state,26.1,
30,MT,state,18.4,
31,NE,state,23.6,
32,NV,state,33.3,
33,NH,state,29,
34,NJ,state,38.5,
35,NM,state,23.7,
36,NY,state,40.4,
37,NC,state,29.4,
38,ND,state,21.2,
39,OH,state,25.4,
40,OK,state,22.6,
41,OR,state,21.8,
42,PA,state,29.6,
44,RI,state,32.3,
45,SC,state,30.3,
46,SD,state,27.6,
47,TN,state,31.7,
48,TX,state,32.2,
49,UT,state,25.9,
50,VT,state,19.6,
51,VA,state,28.8,
53,WA,state,22.7,
54,WV,state,26.8,
55,WI,state,25,
56,WY,state,23.6,
2013,AK,county,15.7,
2020,AK,county,16.5,
2050,AK,county,15.7,
2060,AK,county,15.7,
2068,AK,county,15.7,
2070,AK,county,15.7,
2090,AK,county,15.7,
2100,AK,county,15.7,
2105,AK,county,15.7,
2110,AK,county,15.7,
2122,AK,county,15.2,
2130,AK,county,15.7,
2150,AK,county,15.7,
2164,AK,county,15.7,
2170,AK,county,23,
2180,AK,county,15.7,
2185,AK,county,15.7,
2188,AK,county,15.7,
2195,AK,county,15.7,
2198,AK,county,15.7,
2201,AK,county,15.7,
2220,AK,county,15.7,
2230,AK,county,15.7,
2232,AK,county,15.7,
2240,AK,county,15.7,
2261,AK,county,15.7,
2270,AK,county,15.7,
2275,AK,county,15.7,
2280,AK,county,15.7,
2282,AK,county,15.7,
2290,AK,county,15.7,
2999,AK,county,15.7,
1001,AL,county,29.9,
1003,AL,county,23.9,
1005,AL,county,29.9,
1007,AL,county,29.9,
1009,AL,county,30.6,
1011,AL,county,29.9,
1013,AL,county,29.9,
1015,AL,county,27.2,
1017,AL,county,29.9,
1019,AL,county,32.4,
1021,AL,county,29.9,
1023,AL,county,29.9,
1025,AL,county,29.9,
1027,AL,county,29.9,
1029,AL,county,29.9,
1031,AL,county,42.4,
1033,AL,county,53.6,
1035,AL,county,29.9,
1037,AL,county,29.9,
1039,AL,county,30.1,
1041,AL,county,29.9,
1043,AL,county,35,
1045,AL,county,37.9,
1047,AL,county,22.8,
1049,AL,county,35.7,
1051,AL,county,29.9,
1053,AL,county,28.3,
1055,AL,county,26.7,
1057,AL,county,29.9,
1059,AL,county,29.9,
1061,AL,county,29.9,
1063,AL,county,29.9,
1065,AL,county,29.9,
1067,AL,county,29.9,
1069,AL,county,28.5,
1071,AL,county,39.9,
1073,AL,county,28.6,
1075,AL,county,29.9,
1077,AL,county,42.3,
1079,AL,county,29.9,
1081,AL,county,22.5,
1083,AL,county,36.2,
1085,AL,county,29.9,
1087,AL,county,29.9,
1089,AL,county,32.5,
1091,AL,county,29.9,
1093,AL,county,29.9,
1095,AL,county,23.5,
1097,AL,county,31.3,
1099,AL,county,29.9,
1101,AL,county,30.1,
1103,AL,county,30.3,
1105,AL,county,29.9,
1107,AL,county,29.9,
1109,AL,county,29.9,
1111,AL,county,29.9,
1113,AL,county,29.9,
1115,AL,county,28.7,
1117,AL,county,25.3,
1119,AL,county,29.9,
1121,AL,county,23.2,
1123,AL,county,29.9,
1125,AL,county,37.2,
1127,AL,county,24.9,
1129,AL,county,29.9,
1131,AL,county,29.9,
1133,AL,county,44.4,
1999,AL,county,29.9,
5001,AR,county,25.3,
5003,AR,county,25.3,
5005,AR,county,32.9,
5007,AR,county,24,
5009,AR,county,34.6,
5011,AR,county,25.3,
5013,AR,county,25.3,
5015,AR,county,25.3,
5017,AR,county,25.3,
5019,AR,county,25.3,
5021,AR,county,25.3,
5023,AR,county,25.3,
5025,AR,county,25.3,
5027,AR,county,25.3,
5029,AR,county,25.3,
5031,AR,county,25.1,
5033,AR,county,30.9,
5035,AR,county,37.3,
5037,AR,county,25.3,
5039,AR,county,25.3,
5041,AR,county,25.3,
5043,AR,county,25.3,
5045,AR,county,31.4,
5047,AR,county,25.3,
5049,AR,county,25.3,
5051,AR,county,34.2,
5053,AR,county,25.3,
5055,AR,county,35.4,
5057,AR,county,25.3,
5059,AR,county,25.3,
5061,AR,county,25.3,
5063,AR,county,24.4,
5065,AR,county,25.3,
5067,AR,county,25.3,
5069,AR,county,29,
5071,AR,county,25.3,
5073,AR,county,25.3,
5075,AR,county,25.3,
5077,AR,county,25.3,
5079,AR,county,25.3,
5081,AR,county,25.3,
5083,AR,county,25.3,
5085,AR,county,25.3,
5087,AR,county,25.3,
5089,AR,county,25.3,
5091,AR,county,24.4,
5093,AR,county,32.9,
5095,AR,county,25.3,
5097,AR,county,25.3,
5099,AR,county,25.3,
5101,AR,county,25.3,
5103,AR,county,25.3,
5105,AR,county,25.3,
5107,AR,county,25.3,
5109,AR,county,25.3,
5111,AR,county,25.3,
5113,AR,county,25.3,
5115,AR,county,26.1,
5117,AR,county,25.3,
5119,AR,county,25,
5121,AR,county,25.3,
5123,AR,county,25.3,
5125,AR,county,25.2,
5127,AR,county,25.3,
5129,AR,county,25.3,
5131,AR,county,24.6,
5133,AR,county,25.3,
5135,AR,county,25.3,
5137,AR,county,25.3,
5139,AR,county,21.5,
5141,AR,county,25.3,
5143,AR,county,22,
5145,AR,county,29.1,
5147,AR,county,25.3,
5149,AR,county,25.3,
5999,AR,county,25.3,
,AZ,county,24.6,
4001,AZ,county,13.3,
4003,AZ,county,22,
4005,AZ,county,25.6,
4007,AZ,county,20.8,
4009,AZ,county,24.6,
4011,AZ,county,24.6,
4012,AZ,county,24.6,
4013,AZ,county,36.6,
4015,AZ,county,34.2,
4017,AZ,county,23,
4019,AZ,county,30.3,
4021,AZ,county,35,
4023,AZ,county,24.6,
4025,AZ,county,28.1,
4027,AZ,county,31.3,
4999,AZ,county,24.6,
,CA,county,34.9,
6001,CA,county,29,
6003,CA,county,34.9,
6005,CA,county,23.6,
6007,CA,county,33.8,
6009,CA,county,35.9,
6011,CA,county,34.9,
6013,CA,county,32.3,
6015,CA,county,18.9,
6017,CA,county,31.4,
6019,CA,county,29.9,
6021,CA,county,34.9,
6023,CA,county,25,
6025,CA,county,37.7,
6027,CA,county,34.9,
6029,CA,county,37,
6031,CA,county,23.1,
6033,CA,county,27.3,
6035,CA,county,34.9,
6037,CA,county,35.7,
6039,CA,county,30.6,
6041,CA,county,34.4,
6043,CA,county,34.9,
6045,CA,county,32.3,
6047,CA,county,29.4,
6049,CA,county,34.9,
6051,CA,county,34.9,
6053,CA,county,34.9,
6055,CA,county,31.2,
6057,CA,county,26.3,
6059,CA,county,36.4,
6061,CA,county,28.7,
6063,CA,county,34.9,
6065,CA,county,35.4,
6067,CA,county,22.8,
6069,CA,county,34.9,
6071,CA,county,29.3,
6073,CA,county,34.2,
6075,CA,county,24.7,
6077,CA,county,34.5,
6079,CA,county,38.2,
6081,CA,county,38.6,
6083,CA,county,32.2,
6085,CA,county,37.4,
6087,CA,county,31,
6089,CA,county,29.8,
6091,CA,county,34.9,
6093,CA,county,23.2,
6095,CA,county,28.7,
6097,CA,county,31.6,
6099,CA,county,32.7,
6101,CA,county,30.8,
6103,CA,county,29.5,
6105,CA,county,34.9,
6107,CA,county,33.6,
6109,CA,county,31.2,
6111,CA,county,37.5,
6113,CA,county,24.4,
6115,CA,county,30.3,
6999,CA,county,34.9,
8001,CO,county,24,
8003,CO,county,25.9,
8005,CO,county,32.1,
8007,CO,county,25.9,
8009,CO,county,25.9,
8011,CO,county,25.9,
8013,CO,county,27.5,
8014,CO,county,25.9,
8015,CO,county,25.9,
8017,CO,county,25.9,
8019,CO,county,25.9,
8021,CO,county,25.9,
8023,CO,county,25.9,
8025,CO,county,25.9,
8027,CO,county,25.9,
8029,CO,county,25.9,
8031,CO,county,23.9,
8033,CO,county,25.9,
8035,CO,county,37.5,
8037,CO,county,25.9,
8039,CO,county,25.9,
8041,CO,county,33,
8043,CO,county,25.9,
8045,CO,county,25.9,
8047,CO,county,25.9,
8049,CO,county,25.9,
8051,CO,county,25.9,
8053,CO,county,25.9,
8055,CO,county,25.9,
8057,CO,county,25.9,
8059,CO,county,21.9,
8061,CO,county,25.9,
8063,CO,county,25.9,
8065,CO,county,25.9,
8067,CO,county,25.9,
8069,CO,county,28.7,
8071,CO,county,25.9,
8073,CO,county,25.9,
8075,CO,county,25.9,
8077,CO,county,19,
8079,CO,county,25.9,
8081,CO,county,25.9,
8083,CO,county,25.9,
8085,CO,county,25.9,
8087,CO,county,25.9,
8089,CO,county,25.9,
8091,CO,county,25.9,
8093,CO,county,25.9,
8095,CO,county,25.9,
8097,CO,county,25.9,
8099,CO,county,25.9,
8101,CO,county,15.5,
8103,CO,county,25.9,
8105,CO,county,25.9,
8107,CO,county,25.9,
8109,CO,county,25.9,
8111,CO,county,25.9,
8113,CO,county,25.9,
8115,CO,county,25.9,
8117,CO,county,25.9,
8119,CO,county,25.9,
8121,CO,county,25.9,
8123,CO,county,24,
8125,CO,county,25.9,
8999,CO,county,25.9,
9001,CT,county,34.5,
9003,CT,county,25.7,
9005,CT,county,36.2,
9007,CT,county,35.4,
9009,CT,county,27.2,
9011,CT,county,27.1,
9013,CT,county,28,
9015,CT,county,27.4,
11001,DC,county,25.2,
10001,DE,county,34.2,
10003,DE,county,26.1,
10005,DE,county,31,
10019,DE,county,99999,
10999,DE,county,99999,
,FL,county,32.1,
12001,FL,county,28.5,
12003,FL,county,32.1,
12005,FL,county,21.7,
12007,FL,county,32.1,
12009,FL,county,38.6,
12011,FL,county,41.6,
12013,FL,county,32.1,
12015,FL,county,38.5,
12017,FL,county,36.2,
12019,FL,county,43.8,
12021,FL,county,37.5,
12023,FL,county,29.2,
12027,FL,county,32.1,
12029,FL,county,32.1,
12031,FL,county,34.9,
12033,FL,county,26.4,
12035,FL,county,43.7,
12037,FL,county,32.1,
12039,FL,county,32.1,
12041,FL,county,32.1,
12043,FL,county,32.1,
12045,FL,county,32.1,
12047,FL,county,32.1,
12049,FL,county,32.1,
12051,FL,county,32.1,
12053,FL,county,38,
12055,FL,county,34.2,
12057,FL,county,34.8,
12059,FL,county,32.1,
12061,FL,county,35.1,
12063,FL,county,32.1,
12065,FL,county,32.1,
12067,FL,county,32.1,
12069,FL,county,43.5,
12071,FL,county,40.1,
12073,FL,county,27.2,
12075,FL,county,35,
12077,FL,county,32.1,
12079,FL,county,32.1,
12081,FL,county,35.6,
12083,FL,county,39,
12085,FL,county,38.9,
12086,FL,county,40,
12087,FL,county,42.3,
12089,FL,county,28.9,
12091,FL,county,36.5,
12093,FL,county,32.1,
12095,FL,county,38.8,
12097,FL,county,39.1,
12099,FL,county,47.1,
12101,FL,county,38.9,
12103,FL,county,34.9,
12105,FL,county,45.1,
12107,FL,county,41.8,
12109,FL,county,35.6,
12111,FL,county,35.8,
12113,FL,county,30.7,
12115,FL,county,33.8,
12117,FL,county,38.7,
12119,FL,county,46.8,
12121,FL,county,28.3,
12123,FL,county,32.1,
12125,FL,county,32.1,
12127,FL,county,42.2,
12129,FL,county,32.1,
12131,FL,county,37.5,
12133,FL,county,32.1,
12999,FL,county,32.1,
72087,FL,county,32.1,
78030,FL,county,32.1,
13001,GA,county,32.2,
13003,GA,county,32.2,
13005,GA,county,32.2,
13007,GA,county,32.2,
13009,GA,county,32.2,
13011,GA,county,32.2,
13013,GA,county,32.6,
13015,GA,county,31.3,
13017,GA,county,32.2,
13019,GA,county,32.2,
13021,GA,county,25.3,
13023,GA,county,32.2,
13025,GA,county,32.2,
13027,GA,county,32.2,
13029,GA,county,32.2,
13031,GA,county,32.2,
13033,GA,county,32.2,
13035,GA,county,32.2,
13037,GA,county,32.2,
13039,GA,county,32.2,
13043,GA,county,32.2,
13045,GA,county,37.5,
13047,GA,county,39,
13049,GA,county,32.2,
13051,GA,county,27.1,
13055,GA,county,25.7,
13057,GA,county,31.4,
13059,GA,county,33.9,
13061,GA,county,32.2,
13063,GA,county,36.7,
13065,GA,county,32.2,
13067,GA,county,27.3,
13069,GA,county,32.2,
13071,GA,county,32.2,
13073,GA,county,30.7,
13075,GA,county,32.2,
13077,GA,county,29.4,
13079,GA,county,32.2,
13081,GA,county,32.2,
13083,GA,county,32.2,
13085,GA,county,32.2,
13087,GA,county,32.2,
13089,GA,county,28.5,
13091,GA,county,32.2,
13093,GA,county,32.2,
13095,GA,county,32.2,
13097,GA,county,17,
13099,GA,county,32.2,
13101,GA,county,32.2,
13103,GA,county,32.2,
13105,GA,county,32.2,
13107,GA,county,32.2,
13109,GA,county,32.2,
13111,GA,county,32.2,
13113,GA,county,39.3,
13115,GA,county,27.3,
13117,GA,county,40.9,
13119,GA,county,32.2,
13121,GA,county,27.6,
13123,GA,county,32.2,
13125,GA,county,32.2,
13127,GA,county,42.9,
13129,GA,county,29.3,
13131,GA,county,32.2,
13133,GA,county,32.2,
13135,GA,county,35.1,
13137,GA,county,32.2,
13139,GA,county,37.6,
13141,GA,county,32.2,
13143,GA,county,32.2,
13145,GA,county,32.2,
13147,GA,county,32.2,
13149,GA,county,32.2,
13151,GA,county,35.6,
13153,GA,county,33.3,
13155,GA,county,32.2,
13157,GA,county,27.1,
13159,GA,county,32.2,
13161,GA,county,32.2,
13163,GA,county,32.2,
13165,GA,county,32.2,
13167,GA,county,32.2,
13169,GA,county,32.2,
13171,GA,county,32.2,
13173,GA,county,32.2,
13175,GA,county,38,
13177,GA,county,32.2,
13179,GA,county,32.2,
13181,GA,county,32.2,
13183,GA,county,32.2,
13185,GA,county,25.6,
13187,GA,county,32.2,
13189,GA,county,32.2,
13191,GA,county,32.2,
13193,GA,county,32.2,
13195,GA,county,32.2,
13197,GA,county,32.2,
13199,GA,county,32.2,
13201,GA,county,32.2,
13205,GA,county,32.2,
13207,GA,county,32.2,
13209,GA,county,32.2,
13211,GA,county,32.2,
13213,GA,county,40.9,
13215,GA,county,33.9,
13217,GA,county,22,
13219,GA,county,32.2,
13221,GA,county,32.2,
13223,GA,county,29.2,
13225,GA,county,32.2,
13227,GA,county,32.2,
13229,GA,county,32.2,
13231,GA,county,32.2,
13233,GA,county,24.3,
13235,GA,county,32.2,
13237,GA,county,32.2,
13239,GA,county,32.2,
13241,GA,county,32.2,
13243,GA,county,32.2,
13245,GA,county,28,
13247,GA,county,32.1,
13251,GA,county,32.2,
13253,GA,county,32.2,
13255,GA,county,27,
13257,GA,county,32.2,
13259,GA,county,32.2,
13261,GA,county,32.2,
13263,GA,county,32.2,
13265,GA,county,32.2,
13267,GA,county,32.2,
13269,GA,county,32.2,
13271,GA,county,32.2,
13273,GA,county,32.2,
13275,GA,county,32.2,
13277,GA,county,32.2,
13279,GA,county,32.2,
13281,GA,county,32.2,
13283,GA,county,32.2,
13285,GA,county,26.5,
13287,GA,county,32.2,
13289,GA,county,32.2,
13291,GA,county,32.2,
13293,GA,county,32.2,
13295,GA,county,35.5,
13297,GA,county,26.8,
13299,GA,county,32.2,
13301,GA,county,32.2,
13303,GA,county,32.2,
13305,GA,county,32.2,
13307,GA,county,32.2,
13309,GA,county,32.2,
13311,GA,county,32.2,
13313,GA,county,40.2,
13315,GA,county,32.2,
13317,GA,county,32.2,
13319,GA,county,32.2,
13321,GA,county,32.2,
13999,GA,county,32.2,
15001,HI,county,45.7,
15003,HI,county,42.1,
15007,HI,county,35.1,
15009,HI,county,43.3,
,IA,county,21.9,
19001,IA,county,21.9,
19003,IA,county,21.9,
19005,IA,county,21.9,
19007,IA,county,21.9,
19009,IA,county,21.9,
19011,IA,county,21.9,
19013,IA,county,31.8,
19015,IA,county,21.9,
19017,IA,county,21.9,
19019,IA,county,21.9,
19021,IA,county,21.9,
19023,IA,county,21.9,
19025,IA,county,21.9,
19027,IA,county,21.9,
19029,IA,county,21.9,
19031,IA,county,21.9,
19033,IA,county,20.9,
19035,IA,county,21.9,
19037,IA,county,21.9,
19039,IA,county,21.9,
19041,IA,county,21.9,
19043,IA,county,21.9,
19045,IA,county,19.6,
19047,IA,county,21.9,
19049,IA,county,21.9,
19051,IA,county,21.9,
19053,IA,county,21.9,
19055,IA,county,21.9,
19057,IA,county,21.1,
19059,IA,county,21.9,
19061,IA,county,23.9,
19063,IA,county,21.9,
19065,IA,county,21.9,
19067,IA,county,21.9,
19069,IA,county,21.9,
19071,IA,county,21.9,
19073,IA,county,21.9,
19075,IA,county,21.9,
19077,IA,county,21.9,
19079,IA,county,21.9,
19081,IA,county,21.9,
19083,IA,county,21.9,
19085,IA,county,21.9,
19087,IA,county,21.9,
19089,IA,county,21.9,
19091,IA,county,21.9,
19093,IA,county,21.9,
19095,IA,county,21.9,
19097,IA,county,21.9,
19099,IA,county,17.7,
19101,IA,county,21.9,
19103,IA,county,11.5,
19105,IA,county,21.9,
19107,IA,county,21.9,
19109,IA,county,21.9,
19111,IA,county,19.9,
19113,IA,county,18.6,
19115,IA,county,21.9,
19117,IA,county,21.9,
19119,IA,county,21.9,
19121,IA,county,21.9,
19123,IA,county,21.9,
19125,IA,county,21.9,
19127,IA,county,31.5,
19129,IA,county,21.9,
19131,IA,county,21.9,
19133,IA,county,21.9,
19135,IA,county,21.9,
19137,IA,county,21.9,
19139,IA,county,27.5,
19141,IA,county,21.9,
19143,IA,county,21.9,
19145,IA,county,21.9,
19147,IA,county,21.9,
19149,IA,county,21.9,
19151,IA,county,21.9,
19153,IA,county,18.9,
19155,IA,county,22.5,
19157,IA,county,21.9,
19159,IA,county,21.9,
19161,IA,county,21.9,
19163,IA,county,23.7,
19165,IA,county,21.9,
19167,IA,county,21.9,
19169,IA,county,21,
19171,IA,county,21.9,
19173,IA,county,21.9,
19175,IA,county,21.9,
19177,IA,county,21.9,
19179,IA,county,16.5,
19181,IA,county,21.9,
19183,IA,county,21.9,
19185,IA,county,21.9,
19187,IA,county,16.9,
19189,IA,county,21.9,
19191,IA,county,21.9,
19193,IA,county,20.5,
19195,IA,county,21.9,
19197,IA,county,21.9,
19999,IA,county,21.9,
16001,ID,county,15.7,
16003,ID,county,20.7,
16005,ID,county,20.7,
16007,ID,county,20.7,
16009,ID,county,20.7,
16011,ID,county,20.7,
16013,ID,county,20.7,
16015,ID,county,20.7,
16017,ID,county,20.7,
16019,ID,county,33.3,
16021,ID,county,20.7,
16023,ID,county,20.7,
16025,ID,county,20.7,
16027,ID,county,19.9,
16029,ID,county,20.7,
16031,ID,county,20.7,
16035,ID,county,20.7,
16037,ID,county,20.7,
16039,ID,county,20.7,
16041,ID,county,20.7,
16043,ID,county,20.7,
16045,ID,county,20.7,
16047,ID,county,20.7,
16049,ID,county,20.7,
16051,ID,county,20.7,
16053,ID,county,20.7,
16055,ID,county,25.7,
16057,ID,county,20.7,
16059,ID,county,20.7,
16061,ID,county,20.7,
16063,ID,county,20.7,
16065,ID,county,20.7,
16067,ID,county,20.7,
16069,ID,county,20.7,
16071,ID,county,20.7,
16073,ID,county,20.7,
16075,ID,county,20.7,
16077,ID,county,20.7,
16079,ID,county,20.7,
16081,ID,county,20.7,
16083,ID,county,14.4,
16085,ID,county,20.7,
16087,ID,county,20.7,
16999,ID,county,20.7,
17001,IL,county,30,
17003,IL,county,27.3,
17005,IL,county,27.3,
17007,IL,county,27.3,
17009,IL,county,27.3,
17011,IL,county,36.3,
17013,IL,county,27.3,
17015,IL,county,27.3,
17017,IL,county,27.3,
17019,IL,county,20.8,
17021,IL,county,32.4,
17023,IL,county,27.3,
17025,IL,county,27.3,
17027,IL,county,16.8,
17029,IL,county,24.8,
17031,IL,county,26.2,
17033,IL,county,27.3,
17035,IL,county,27.3,
17037,IL,county,32,
17039,IL,county,27.3,
17041,IL,county,27.3,
17043,IL,county,29.2,
17045,IL,county,27.3,
17047,IL,county,27.3,
17049,IL,county,16.7,
17051,IL,county,27.3,
17053,IL,county,27.3,
17055,IL,county,22.6,
17057,IL,county,27.3,
17059,IL,county,27.3,
17061,IL,county,27.3,
17063,IL,county,12.4,
17065,IL,county,27.3,
17067,IL,county,27.3,
17069,IL,county,27.3,
17071,IL,county,27.3,
17073,IL,county,37.5,
17075,IL,county,27.3,
17077,IL,county,22.2,
17079,IL,county,27.3,
17081,IL,county,34,
17083,IL,county,27.3,
17085,IL,county,27.3,
17087,IL,county,27.3,
17089,IL,county,30.6,
17091,IL,county,21.7,
17093,IL,county,28.3,
17095,IL,county,25.5,
17097,IL,county,26.8,
17099,IL,county,26,
17101,IL,county,27.3,
17103,IL,county,27.3,
17105,IL,county,27.3,
17107,IL,county,24.7,
17109,IL,county,27.3,
17111,IL,county,21.4,
17113,IL,county,38.5,
17115,IL,county,21.3,
17117,IL,county,25.4,
17119,IL,county,29.7,
17121,IL,county,36.3,
17123,IL,county,27.3,
17125,IL,county,27.3,
17127,IL,county,27.3,
17129,IL,county,27.3,
17131,IL,county,27.3,
17133,IL,county,27.3,
17135,IL,county,27.3,
17137,IL,county,22.8,
17139,IL,county,27.3,
17141,IL,county,32.3,
17143,IL,county,22.2,
17145,IL,county,27.3,
17147,IL,county,27.3,
17149,IL,county,27.3,
17151,IL,county,27.3,
17153,IL,county,27.3,
17155,IL,county,27.3,
17157,IL,county,27.3,
17159,IL,county,27.3,
17161,IL,county,31,
17163,IL,county,28.6,
17165,IL,county,27.3,
17167,IL,county,18.5,
17169,IL,county,27.3,
1717,IL,county,27.3,
17171,IL,county,27.3,
17173,IL,county,27.3,
17175,IL,county,27.3,
17177,IL,county,27.3,
17179,IL,county,26,
17181,IL,county,27.3,
17183,IL,county,21.9,
17185,IL,county,27.3,
17187,IL,county,27.3,
17189,IL,county,27.3,
17191,IL,county,27.3,
17193,IL,county,27.3,
17195,IL,county,28.6,
17197,IL,county,25.3,
17199,IL,county,18.3,
17201,IL,county,23.8,
17203,IL,county,27.3,
17999,IL,county,27.3,
99999,IL,county,27.3,
18001,IN,county,25.2,
18003,IN,county,23.4,
18005,IN,county,18.6,
18007,IN,county,25.2,
18009,IN,county,25.2,
18011,IN,county,26.5,
18013,IN,county,25.2,
18015,IN,county,25.2,
18017,IN,county,25.2,
18019,IN,county,30.9,
18021,IN,county,25.2,
18023,IN,county,25.2,
18025,IN,county,25.2,
18027,IN,county,25.2,
18029,IN,county,29.3,
18031,IN,county,25.2,
18033,IN,county,25.2,
18035,IN,county,24.4,
18037,IN,county,25.2,
18039,IN,county,20.4,
18041,IN,county,19,
18043,IN,county,24.9,
18045,IN,county,25.2,
18047,IN,county,25.2,
18049,IN,county,25.2,
18051,IN,county,25.2,
18053,IN,county,28.7,
18055,IN,county,25.2,
18057,IN,county,29,
18059,IN,county,25.2,
18061,IN,county,32.7,
18063,IN,county,21.3,
18065,IN,county,23.8,
18067,IN,county,22.2,
18069,IN,county,25.2,
18071,IN,county,17.4,
18073,IN,county,29.6,
18075,IN,county,25.2,
18077,IN,county,25.2,
18079,IN,county,25.2,
18081,IN,county,29.7,
18083,IN,county,25.2,
18085,IN,county,26.1,
18087,IN,county,25.2,
18089,IN,county,22.3,
18091,IN,county,20.5,
18093,IN,county,24.6,
18095,IN,county,15.5,
18097,IN,county,20.9,
18099,IN,county,25.2,
18101,IN,county,25.2,
18103,IN,county,25.2,
18105,IN,county,18.5,
18107,IN,county,19.6,
18109,IN,county,34.2,
18111,IN,county,25.2,
18113,IN,county,25.2,
18115,IN,county,25.2,
18117,IN,county,25.2,
18119,IN,county,25.2,
18121,IN,county,25.2,
18123,IN,county,25.2,
18125,IN,county,25.2,
18127,IN,county,19.1,
18129,IN,county,25.2,
18131,IN,county,25.2,
18133,IN,county,25.2,
18135,IN,county,21.1,
18137,IN,county,25.2,
18139,IN,county,25.2,
18141,IN,county,19.6,
18143,IN,county,25.2,
18145,IN,county,25.2,
18147,IN,county,25.2,
18149,IN,county,25.2,
18151,IN,county,25.2,
18153,IN,county,25.2,
18155,IN,county,25.2,
18157,IN,county,24.5,
18159,IN,county,25.2,
18161,IN,county,25.2,
18163,IN,county,24.1,
18165,IN,county,25.2,
18167,IN,county,27.6,
18169,IN,county,25.2,
18171,IN,county,25.2,
18173,IN,county,22.1,
18175,IN,county,25.2,
18177,IN,county,20.2,
18179,IN,county,25.2,
18181,IN,county,25.2,
18183,IN,county,25.2,
18999,IN,county,25.2,
20001,KS,county,22.4,
20003,KS,county,22.4,
20005,KS,county,22.4,
20007,KS,county,22.4,
20009,KS,county,19.1,
20011,KS,county,22.4,
20013,KS,county,22.4,
20015,KS,county,19.3,
20017,KS,county,22.4,
20019,KS,county,22.4,
20021,KS,county,22.4,
20023,KS,county,22.4,
20025,KS,county,22.4,
20027,KS,county,22.4,
20029,KS,county,22.4,
20031,KS,county,22.4,
20033,KS,county,22.4,
20035,KS,county,13.1,
20037,KS,county,24.9,
20039,KS,county,22.4,
20041,KS,county,22.4,
20043,KS,county,22.4,
20045,KS,county,20.2,
20047,KS,county,22.4,
20049,KS,county,22.4,
20051,KS,county,22.4,
20053,KS,county,22.4,
20055,KS,county,22.4,
20057,KS,county,22.4,
20059,KS,county,22.4,
20061,KS,county,22.4,
20063,KS,county,22.4,
20065,KS,county,22.4,
20067,KS,county,22.4,
20069,KS,county,22.4,
20071,KS,county,22.4,
20073,KS,county,22.4,
20075,KS,county,22.4,
20077,KS,county,22.4,
20079,KS,county,23.1,
20081,KS,county,22.4,
20083,KS,county,22.4,
20085,KS,county,22.4,
20087,KS,county,22.4,
20089,KS,county,22.4,
20091,KS,county,25.8,
20093,KS,county,22.4,
20095,KS,county,22.4,
20097,KS,county,22.4,
20099,KS,county,22.4,
20103,KS,county,23.8,
20105,KS,county,22.4,
20107,KS,county,22.4,
20109,KS,county,22.4,
20111,KS,county,22.4,
20113,KS,county,22.4,
20115,KS,county,22.4,
20117,KS,county,22.4,
20119,KS,county,22.4,
20121,KS,county,22.4,
20123,KS,county,22.4,
20125,KS,county,22.4,
20127,KS,county,22.4,
20129,KS,county,22.4,
20131,KS,county,22.4,
20133,KS,county,22.4,
20135,KS,county,22.4,
20137,KS,county,22.4,
20139,KS,county,22.4,
20141,KS,county,22.4,
20143,KS,county,22.4,
20145,KS,county,22.4,
20147,KS,county,22.4,
20149,KS,county,22.4,
20151,KS,county,22.4,
20153,KS,county,22.4,
20155,KS,county,31.5,
20157,KS,county,22.4,
20159,KS,county,22.4,
20161,KS,county,29.9,
20163,KS,county,22.4,
20165,KS,county,22.4,
20167,KS,county,22.4,
20169,KS,county,16.7,
20171,KS,county,22.4,
20173,KS,county,19.9,
20175,KS,county,22.4,
20177,KS,county,19.3,
20179,KS,county,22.4,
20181,KS,county,22.4,
20183,KS,county,22.4,
20185,KS,county,22.4,
20187,KS,county,22.4,
20189,KS,county,22.4,
20191,KS,county,22.4,
20193,KS,county,22.4,
20195,KS,county,22.4,
20197,KS,county,22.4,
20199,KS,county,22.4,
20201,KS,county,22.4,
20203,KS,county,22.4,
20205,KS,county,22.4,
20207,KS,county,22.4,
20209,KS,county,14.9,
72021,KS,county,22.4,
21001,KY,county,28.3,
21003,KY,county,28.3,
21005,KY,county,28.3,
21007,KY,county,28.3,
21009,KY,county,25.4,
21011,KY,county,28.3,
21013,KY,county,22.4,
21015,KY,county,24.7,
21017,KY,county,28.3,
21019,KY,county,31.2,
21021,KY,county,28.3,
21023,KY,county,28.3,
21025,KY,county,28.3,
21027,KY,county,28.3,
21029,KY,county,32.6,
21031,KY,county,28.3,
21033,KY,county,28.3,
21035,KY,county,29.9,
21037,KY,county,26.6,
21039,KY,county,28.3,
21041,KY,county,28.3,
21043,KY,county,24.6,
21045,KY,county,28.3,
21047,KY,county,21.2,
21049,KY,county,28.3,
21051,KY,county,28.3,
21053,KY,county,28.3,
21055,KY,county,28.3,
21057,KY,county,28.3,
21059,KY,county,24.9,
21061,KY,county,28.3,
21063,KY,county,28.3,
21065,KY,county,28.3,
21067,KY,county,28.6,
21069,KY,county,28.3,
21071,KY,county,28.2,
21073,KY,county,28.3,
21075,KY,county,28.3,
21077,KY,county,28.3,
21079,KY,county,28.3,
21081,KY,county,28.3,
21083,KY,county,14.4,
21085,KY,county,28.3,
21087,KY,county,28.3,
21089,KY,county,30.7,
21091,KY,county,28.3,
21093,KY,county,40.1,
21095,KY,county,36.7,
21097,KY,county,28.3,
21099,KY,county,38.1,
21101,KY,county,24.5,
21103,KY,county,28.3,
21105,KY,county,28.3,
21107,KY,county,22.5,
21109,KY,county,28.3,
21111,KY,county,30.3,
21113,KY,county,28.3,
21115,KY,county,26.6,
21117,KY,county,25.2,
21119,KY,county,28.3,
21121,KY,county,36,
21123,KY,county,28.3,
21125,KY,county,33.6,
21127,KY,county,28.3,
21129,KY,county,28.3,
21131,KY,county,28.3,
21133,KY,county,35.3,
21135,KY,county,28.3,
21137,KY,county,28.3,
21139,KY,county,28.3,
21141,KY,county,46.9,
21143,KY,county,28.3,
21145,KY,county,40.7,
21147,KY,county,28.3,
21149,KY,county,28.3,
21151,KY,county,19.1,
21153,KY,county,28.3,
21155,KY,county,28.3,
21157,KY,county,28.3,
21159,KY,county,28.3,
21161,KY,county,28.3,
21163,KY,county,28.3,
21165,KY,county,28.3,
21167,KY,county,28.3,
21169,KY,county,28.3,
21171,KY,county,28.3,
21173,KY,county,28.3,
21175,KY,county,28.3,
21177,KY,county,29.5,
21179,KY,county,35.7,
21181,KY,county,28.3,
21183,KY,county,28.3,
21185,KY,county,28.3,
21187,KY,county,28.3,
21189,KY,county,28.3,
21191,KY,county,28.3,
21193,KY,county,13.7,
21195,KY,county,26.7,
21197,KY,county,28.3,
21199,KY,county,27,
21201,KY,county,28.3,
21203,KY,county,28.3,
21205,KY,county,28.3,
21207,KY,county,28.3,
21209,KY,county,28.3,
21211,KY,county,31.3,
21213,KY,county,28.3,
21215,KY,county,28.3,
21217,KY,county,38.6,
21219,KY,county,28.3,
21221,KY,county,28.3,
21223,KY,county,28.3,
21225,KY,county,28.3,
21227,KY,county,33.1,
21229,KY,county,28.3,
21231,KY,county,28.3,
21233,KY,county,28.3,
21235,KY,county,29.8,
21237,KY,county,28.3,
21239,KY,county,28.3,
21999,KY,county,28.3,
22001,LA,county,33.7,
22003,LA,county,26.1,
22005,LA,county,26.1,
22007,LA,county,26.1,
22009,LA,county,36.8,
22011,LA,county,34,
22013,LA,county,26.1,
22015,LA,county,30.8,
22017,LA,county,23.5,
22019,LA,county,33.9,
22021,LA,county,26.1,
22023,LA,county,26.1,
22025,LA,county,26.1,
22027,LA,county,26.1,
22029,LA,county,26.1,
22031,LA,county,26.1,
22033,LA,county,28.4,
22035,LA,county,26.1,
22037,LA,county,26.1,
22039,LA,county,26.1,
22041,LA,county,40.1,
22043,LA,county,26.1,
22045,LA,county,34.1,
22047,LA,county,26.1,
22049,LA,county,26.1,
22051,LA,county,28.7,
22053,LA,county,26.1,
22055,LA,county,34.2,
22057,LA,county,52,
22059,LA,county,26.1,
22061,LA,county,26.1,
22063,LA,county,24.9,
22065,LA,county,26.1,
22067,LA,county,26.1,
22069,LA,county,12.8,
22071,LA,county,22.5,
22073,LA,county,31.5,
22075,LA,county,26.1,
22077,LA,county,26.1,
22079,LA,county,31.9,
22081,LA,county,26.1,
22083,LA,county,26.1,
22085,LA,county,26.1,
22087,LA,county,26.1,
22089,LA,county,26.1,
22091,LA,county,26.1,
22093,LA,county,26.1,
22095,LA,county,26.1,
22097,LA,county,26.2,
22099,LA,county,26.1,
22101,LA,county,33.3,
22103,LA,county,26.7,
22105,LA,county,21.6,
22107,LA,county,26.1,
22109,LA,county,37,
22111,LA,county,26.1,
22113,LA,county,27.9,
22115,LA,county,26.1,
22117,LA,county,31.6,
22119,LA,county,30.9,
22121,LA,county,26.1,
22123,LA,county,26.1,
22125,LA,county,26.1,
22127,LA,county,26.1,
22999,LA,county,26.1,
,MA,county,32.7,
25001,MA,county,43.7,
25003,MA,county,35.7,
25005,MA,county,36.9,
25007,MA,county,32.7,
25009,MA,county,28.3,
25011,MA,county,35.6,
25013,MA,county,28.9,
25015,MA,county,27.9,
25017,MA,county,26.8,
25019,MA,county,32.7,
25021,MA,county,30.4,
25023,MA,county,30.1,
25025,MA,county,20.7,
25027,MA,county,30,
25999,MA,county,32.7,
,MD,county,31.5,
24001,MD,county,34.3,
24003,MD,county,29.3,
24005,MD,county,25.9,
24009,MD,county,35.6,
24011,MD,county,31.5,
24013,MD,county,37.8,
24015,MD,county,30.1,
24017,MD,county,32,
24019,MD,county,31.5,
24021,MD,county,35.2,
24023,MD,county,42.2,
24025,MD,county,28.6,
24027,MD,county,40.1,
24029,MD,county,31.5,
24031,MD,county,40.2,
24033,MD,county,31.5,
24035,MD,county,31.1,
24037,MD,county,39.8,
24039,MD,county,31.5,
24041,MD,county,35,
24043,MD,county,33.9,
24045,MD,county,25.8,
24047,MD,county,35.8,
24510,MD,county,20.3,
24999,MD,county,31.5,
23001,ME,county,21.6,
23003,ME,county,21.1,
23005,ME,county,24.1,
23007,ME,county,28.8,
23009,ME,county,18.4,
23011,ME,county,18.7,
23013,ME,county,28.8,
23015,ME,county,21.3,
23017,ME,county,25.5,
23019,ME,county,21.1,
23021,ME,county,22.1,
23023,ME,county,23.8,
23025,ME,county,24.8,
23027,ME,county,29.9,
23029,ME,county,27.2,
23031,ME,county,24.7,
23999,ME,county,28.8,
26001,MI,county,23.5,
26003,MI,county,23.5,
26005,MI,county,26.2,
26007,MI,county,18.4,
26009,MI,county,22.5,
26011,MI,county,23.5,
26013,MI,county,23.5,
26015,MI,county,23.5,
26017,MI,county,19.6,
26019,MI,county,23.5,
26021,MI,county,21.1,
26023,MI,county,29.9,
26025,MI,county,27.4,
26027,MI,county,23.5,
26029,MI,county,23.5,
26031,MI,county,23.5,
26033,MI,county,24.2,
26035,MI,county,19.5,
26037,MI,county,25.8,
26039,MI,county,23.5,
26041,MI,county,34.8,
26043,MI,county,23.5,
26045,MI,county,36.9,
26047,MI,county,23.5,
26049,MI,county,24.8,
26051,MI,county,12.4,
26053,MI,county,23.5,
26055,MI,county,23.6,
26057,MI,county,26,
26059,MI,county,29.9,
26061,MI,county,23.5,
26063,MI,county,22.7,
26065,MI,county,26.2,
26067,MI,county,27.6,
26069,MI,county,18.2,
26071,MI,county,23.5,
26073,MI,county,25.8,
26075,MI,county,24.6,
26077,MI,county,29.4,
26079,MI,county,23.5,
26081,MI,county,26.9,
26083,MI,county,23.5,
26085,MI,county,23.5,
26087,MI,county,27,
26089,MI,county,14.8,
26091,MI,county,25.5,
26093,MI,county,34,
26095,MI,county,23.5,
26097,MI,county,23.5,
26099,MI,county,27,
26101,MI,county,14.4,
26103,MI,county,24.2,
26105,MI,county,25,
26107,MI,county,23.5,
26109,MI,county,23.5,
26111,MI,county,14.9,
26113,MI,county,23.5,
26115,MI,county,22.3,
26117,MI,county,23.5,
26119,MI,county,23.5,
26121,MI,county,25.9,
26123,MI,county,23.5,
26125,MI,county,27.9,
26127,MI,county,23.5,
26129,MI,county,25.9,
26131,MI,county,23.5,
26133,MI,county,23.5,
26135,MI,county,23.5,
26137,MI,county,23.5,
26139,MI,county,25.5,
26141,MI,county,23.5,
26143,MI,county,26.6,
26145,MI,county,25.1,
26147,MI,county,30.1,
26149,MI,county,24.6,
26151,MI,county,30,
26153,MI,county,23.5,
26155,MI,county,34.8,
26157,MI,county,32.5,
26159,MI,county,30.8,
26161,MI,county,32.6,
26163,MI,county,25.3,
26165,MI,county,17.9,
26999,MI,county,23.5,
27001,MN,county,22.3,
27003,MN,county,21.5,
27005,MN,county,22.3,
27007,MN,county,13.2,
27009,MN,county,22.3,
27011,MN,county,22.3,
27013,MN,county,22.3,
27015,MN,county,22.3,
27017,MN,county,22.3,
27019,MN,county,22.3,
27021,MN,county,22.3,
27023,MN,county,22.3,
27025,MN,county,22.3,
27027,MN,county,22.3,
27029,MN,county,22.3,
27031,MN,county,22.3,
27033,MN,county,22.3,
27035,MN,county,22.3,
27037,MN,county,22.3,
27039,MN,county,22.3,
27041,MN,county,22.3,
27043,MN,county,22.3,
27045,MN,county,22.3,
27047,MN,county,22.3,
27049,MN,county,22.3,
27051,MN,county,22.3,
27053,MN,county,22.7,
27055,MN,county,22.3,
27057,MN,county,22.3,
27059,MN,county,22.3,
27061,MN,county,22.3,
27063,MN,county,22.3,
27065,MN,county,22.3,
27067,MN,county,22.3,
27069,MN,county,22.3,
27071,MN,county,22.3,
27073,MN,county,22.3,
27075,MN,county,22.3,
27077,MN,county,22.3,
27079,MN,county,22.3,
27081,MN,county,22.3,
27083,MN,county,22.3,
27085,MN,county,22.3,
27087,MN,county,22.3,
27089,MN,county,22.3,
27091,MN,county,22.3,
27093,MN,county,22.3,
27095,MN,county,22.3,
27097,MN,county,22.3,
27099,MN,county,22.3,
27101,MN,county,22.3,
27103,MN,county,22.3,
27105,MN,county,22.3,
27107,MN,county,22.3,
27109,MN,county,20.1,
27111,MN,county,26.5,
27113,MN,county,22.3,
27115,MN,county,22.3,
27117,MN,county,22.3,
27119,MN,county,22.3,
27121,MN,county,22.3,
27123,MN,county,24.4,
27125,MN,county,22.3,
27127,MN,county,22.3,
27129,MN,county,22.3,
27131,MN,county,22.3,
27133,MN,county,22.3,
27135,MN,county,22.3,
27137,MN,county,16.9,
27139,MN,county,22.3,
27141,MN,county,22.3,
27143,MN,county,22.3,
27145,MN,county,12.7,
27147,MN,county,22.3,
27149,MN,county,22.3,
27151,MN,county,22.3,
27153,MN,county,22.3,
27155,MN,county,22.3,
27157,MN,county,22.3,
27159,MN,county,22.3,
27161,MN,county,22.3,
27163,MN,county,23.1,
27165,MN,county,22.3,
27167,MN,county,22.3,
27169,MN,county,22.3,
27171,MN,county,22.3,
27173,MN,county,22.3,
27999,MN,county,22.3,
29001,MO,county,27,
29003,MO,county,27,
29005,MO,county,27,
29007,MO,county,27,
29009,MO,county,27,
29011,MO,county,27,
29013,MO,county,27,
29015,MO,county,24.8,
29017,MO,county,27,
29019,MO,county,23,
29021,MO,county,29.7,
29023,MO,county,38.4,
29025,MO,county,27,
29027,MO,county,27,
29029,MO,county,27.9,
29031,MO,county,27,
29033,MO,county,27,
29035,MO,county,27,
29037,MO,county,33.4,
29039,MO,county,27,
29041,MO,county,27,
29043,MO,county,24,
29045,MO,county,27,
29047,MO,county,27.4,
29049,MO,county,27,
29051,MO,county,24.8,
29053,MO,county,27,
29055,MO,county,27,
29057,MO,county,27,
29059,MO,county,27,
29061,MO,county,27,
29063,MO,county,27,
29065,MO,county,27,
29067,MO,county,27,
29069,MO,county,38,
29071,MO,county,18.2,
29073,MO,county,27,
29075,MO,county,27,
29077,MO,county,26.9,
29079,MO,county,27,
29081,MO,county,27,
29083,MO,county,27,
29085,MO,county,27,
29087,MO,county,27,
29089,MO,county,27,
29091,MO,county,25.2,
29093,MO,county,27,
29095,MO,county,24.1,
29097,MO,county,27.8,
29099,MO,county,19.5,
29101,MO,county,29.4,
29103,MO,county,27,
29105,MO,county,27,
29107,MO,county,27,
29109,MO,county,27,
29111,MO,county,27,
29113,MO,county,27,
29115,MO,county,27,
29117,MO,county,27,
29119,MO,county,27,
29121,MO,county,27,
29123,MO,county,27,
29125,MO,county,27,
29127,MO,county,27.2,
29129,MO,county,27,
29131,MO,county,27,
29133,MO,county,27,
29135,MO,county,27,
29137,MO,county,27,
29139,MO,county,27,
29141,MO,county,27,
29143,MO,county,27,
29145,MO,county,27.3,
29147,MO,county,27,
29149,MO,county,27,
29151,MO,county,27,
29153,MO,county,27,
29155,MO,county,27,
29157,MO,county,27,
29159,MO,county,23.3,
29161,MO,county,23.3,
29163,MO,county,27,
29165,MO,county,33.9,
29167,MO,county,27,
29169,MO,county,27,
29171,MO,county,27,
29173,MO,county,27,
29175,MO,county,27,
29177,MO,county,27,
29179,MO,county,27,
29181,MO,county,27,
29183,MO,county,23.2,
29185,MO,county,27,
29186,MO,county,27,
29187,MO,county,37.1,
29189,MO,county,24.1,
29195,MO,county,27,
29197,MO,county,27,
29199,MO,county,27,
29201,MO,county,27,
29203,MO,county,27,
29205,MO,county,27,
29207,MO,county,27,
29209,MO,county,27,
29211,MO,county,27,
29213,MO,county,21.1,
29215,MO,county,27,
29217,MO,county,27,
29219,MO,county,27,
29221,MO,county,27,
29223,MO,county,27,
29225,MO,county,27,
29227,MO,county,27,
29229,MO,county,27,
29510,MO,county,20.7,
29999,MO,county,27,
28001,MS,county,27.5,
28003,MS,county,27.4,
28005,MS,county,27.5,
28007,MS,county,27.5,
28009,MS,county,27.5,
28011,MS,county,26.4,
28013,MS,county,27.5,
28015,MS,county,27.5,
28017,MS,county,27.5,
28019,MS,county,27.5,
28021,MS,county,27.5,
28023,MS,county,27.5,
28025,MS,county,27.5,
28027,MS,county,27.5,
28029,MS,county,27.5,
28031,MS,county,27.5,
28033,MS,county,38.5,
28035,MS,county,27.5,
28037,MS,county,27.5,
28039,MS,county,27.5,
28041,MS,county,27.5,
28043,MS,county,27.5,
28045,MS,county,27.5,
28047,MS,county,20.9,
28049,MS,county,22.7,
28051,MS,county,27.5,
28053,MS,county,27.5,
28055,MS,county,27.5,
28057,MS,county,27.5,
28059,MS,county,19.6,
28061,MS,county,27.5,
28063,MS,county,27.5,
28065,MS,county,27.5,
28067,MS,county,26.9,
28069,MS,county,27.5,
28071,MS,county,27.5,
28073,MS,county,27.5,
28075,MS,county,21.9,
28077,MS,county,27.5,
28079,MS,county,27.5,
28081,MS,county,31.9,
28083,MS,county,22.5,
28085,MS,county,27.5,
28087,MS,county,27.5,
28089,MS,county,25.5,
28091,MS,county,27.5,
28093,MS,county,27.5,
28095,MS,county,27.5,
28097,MS,county,27.5,
28099,MS,county,27.5,
28101,MS,county,27.5,
28103,MS,county,27.5,
28105,MS,county,27.5,
28107,MS,county,29.6,
28109,MS,county,32.7,
28111,MS,county,27.5,
28113,MS,county,27.5,
28115,MS,county,27.5,
28117,MS,county,27.5,
28119,MS,county,27.5,
28121,MS,county,31.3,
28123,MS,county,27.5,
28125,MS,county,27.5,
28127,MS,county,27.5,
28129,MS,county,27.5,
28131,MS,county,27.5,
28133,MS,county,18.2,
28135,MS,county,27.5,
28137,MS,county,27.5,
28139,MS,county,27.5,
28141,MS,county,27.5,
28143,MS,county,27.5,
28145,MS,county,27.5,
28147,MS,county,27.5,
28149,MS,county,23.4,
28151,MS,county,24.3,
28153,MS,county,27.5,
28155,MS,county,27.5,
28157,MS,county,27.5,
28159,MS,county,27.5,
28161,MS,county,27.5,
28163,MS,county,27.5,
30001,MT,county,18.5,
30003,MT,county,18.5,
30005,MT,county,18.5,
30007,MT,county,18.5,
30009,MT,county,18.5,
30011,MT,county,18.5,
30013,MT,county,21.6,
30015,MT,county,18.5,
30017,MT,county,18.5,
30019,MT,county,18.5,
30021,MT,county,18.5,
30023,MT,county,18.5,
30025,MT,county,18.5,
30027,MT,county,18.5,
30029,MT,county,24.7,
30031,MT,county,19.3,
30033,MT,county,18.5,
30035,MT,county,18.5,
30037,MT,county,18.5,
30039,MT,county,18.5,
30041,MT,county,18.5,
30043,MT,county,18.5,
30045,MT,county,18.5,
30047,MT,county,18.5,
30049,MT,county,16.7,
30051,MT,county,18.5,
30053,MT,county,18.5,
30055,MT,county,18.5,
30057,MT,county,18.5,
30059,MT,county,18.5,
30061,MT,county,18.5,
30063,MT,county,12,
30065,MT,county,18.5,
30067,MT,county,18.5,
30071,MT,county,18.5,
30073,MT,county,18.5,
30075,MT,county,18.5,
30077,MT,county,18.5,
30079,MT,county,18.5,
30081,MT,county,18.5,
30083,MT,county,18.5,
30085,MT,county,18.5,
30087,MT,county,18.5,
30089,MT,county,18.5,
30091,MT,county,18.5,
30093,MT,county,18.5,
30095,MT,county,18.5,
30097,MT,county,18.5,
30099,MT,county,18.5,
30101,MT,county,18.5,
30105,MT,county,18.5,
30107,MT,county,18.5,
30109,MT,county,18.5,
30111,MT,county,16.2,
37001,NC,county,28.3,
37003,NC,county,26.4,
37005,NC,county,26.4,
37007,NC,county,26.4,
37009,NC,county,26.4,
37011,NC,county,26.4,
37013,NC,county,13.8,
37015,NC,county,21.9,
37017,NC,county,26.4,
37019,NC,county,34.3,
37021,NC,county,24.9,
37023,NC,county,30.3,
37025,NC,county,23.8,
37027,NC,county,35.6,
37029,NC,county,26.4,
37031,NC,county,28.2,
37033,NC,county,26.4,
37035,NC,county,40.7,
37037,NC,county,27.5,
37039,NC,county,31.3,
37041,NC,county,26.4,
37043,NC,county,26.4,
37045,NC,county,34.6,
37047,NC,county,40.5,
37049,NC,county,35.8,
37051,NC,county,33.7,
37053,NC,county,26.4,
37055,NC,county,31.1,
37057,NC,county,30.4,
37059,NC,county,26.4,
37061,NC,county,31.9,
37063,NC,county,24.5,
37065,NC,county,24.5,
37067,NC,county,23.9,
37069,NC,county,25.1,
37071,NC,county,28.7,
37073,NC,county,26.4,
37075,NC,county,26.4,
37077,NC,county,21.4,
37079,NC,county,26.4,
37081,NC,county,27.5,
37083,NC,county,36.1,
37085,NC,county,37.3,
37087,NC,county,22.9,
37089,NC,county,30,
37091,NC,county,26.4,
37093,NC,county,26.4,
37095,NC,county,26.4,
37097,NC,county,33.2,
37099,NC,county,25.5,
37101,NC,county,31.8,
37103,NC,county,26.4,
37105,NC,county,25.8,
37107,NC,county,36.6,
37109,NC,county,42.1,
37111,NC,county,29.3,
37113,NC,county,34.6,
37115,NC,county,26.4,
37117,NC,county,29.6,
37119,NC,county,22.3,
37121,NC,county,26.4,
37123,NC,county,32.7,
37125,NC,county,38.4,
37127,NC,county,33.4,
37129,NC,county,34.4,
37131,NC,county,26.4,
37133,NC,county,33.7,
37135,NC,county,24.9,
37137,NC,county,26.4,
37139,NC,county,26.4,
37141,NC,county,26.4,
37143,NC,county,26.4,
37145,NC,county,26.4,
37147,NC,county,21.5,
37149,NC,county,26.4,
37151,NC,county,38.9,
37153,NC,county,24.2,
37155,NC,county,29.5,
37157,NC,county,21.4,
37159,NC,county,28.7,
37161,NC,county,31,
37163,NC,county,34.4,
37165,NC,county,26.4,
37167,NC,county,32.1,
37169,NC,county,26.4,
37171,NC,county,30.9,
37173,NC,county,26.4,
37175,NC,county,26.4,
37177,NC,county,26.4,
37179,NC,county,24.2,
37181,NC,county,18.1,
37183,NC,county,29.2,
37185,NC,county,26.4,
37187,NC,county,26.4,
37189,NC,county,26.4,
37191,NC,county,28,
37193,NC,county,34.1,
37195,NC,county,44.1,
37197,NC,county,26.4,
37199,NC,county,26.4,
37999,NC,county,26.4,
38001,ND,county,22.6,
38003,ND,county,22.6,
38005,ND,county,22.6,
38007,ND,county,22.6,
38009,ND,county,22.6,
38011,ND,county,22.6,
38013,ND,county,22.6,
38015,ND,county,23.7,
38017,ND,county,13.9,
38019,ND,county,22.6,
38021,ND,county,22.6,
38023,ND,county,22.6,
38025,ND,county,22.6,
38027,ND,county,22.6,
38029,ND,county,22.6,
38031,ND,county,22.6,
38033,ND,county,22.6,
38035,ND,county,22.6,
38037,ND,county,22.6,
38039,ND,county,22.6,
38041,ND,county,22.6,
38043,ND,county,22.6,
38045,ND,county,22.6,
38047,ND,county,22.6,
38049,ND,county,22.6,
38051,ND,county,22.6,
38053,ND,county,22.6,
38055,ND,county,22.6,
38057,ND,county,22.6,
38059,ND,county,23.8,
38061,ND,county,22.6,
38063,ND,county,22.6,
38065,ND,county,22.6,
38067,ND,county,22.6,
38069,ND,county,22.6,
38071,ND,county,22.6,
38073,ND,county,22.6,
38075,ND,county,22.6,
38077,ND,county,22.6,
38079,ND,county,22.6,
38081,ND,county,22.6,
38083,ND,county,22.6,
38085,ND,county,22.6,
38087,ND,county,22.6,
38089,ND,county,22.6,
38091,ND,county,22.6,
38093,ND,county,22.6,
38095,ND,county,22.6,
38097,ND,county,22.6,
38099,ND,county,22.6,
38101,ND,county,22.3,
38103,ND,county,22.6,
38105,ND,county,22.6,
,NE,county,24.5,
31001,NE,county,24.5,
31003,NE,county,24.5,
31005,NE,county,24.5,
31007,NE,county,24.5,
31009,NE,county,24.5,
31011,NE,county,24.5,
31013,NE,county,24.5,
31015,NE,county,24.5,
31017,NE,county,24.5,
31019,NE,county,19.6,
31021,NE,county,24.5,
31023,NE,county,24.5,
31025,NE,county,24.5,
31027,NE,county,24.5,
31029,NE,county,24.5,
31031,NE,county,24.5,
31033,NE,county,24.5,
31035,NE,county,24.5,
31037,NE,county,24.5,
31039,NE,county,24.5,
31041,NE,county,24.5,
31043,NE,county,24.5,
31045,NE,county,24.5,
31047,NE,county,24.5,
31049,NE,county,24.5,
31051,NE,county,24.5,
31053,NE,county,24.5,
31055,NE,county,22,
31057,NE,county,24.5,
31059,NE,county,24.5,
31061,NE,county,24.5,
31063,NE,county,24.5,
31065,NE,county,24.5,
31067,NE,county,24.5,
31069,NE,county,24.5,
31071,NE,county,24.5,
31073,NE,county,24.5,
31075,NE,county,24.5,
31077,NE,county,24.5,
31079,NE,county,23.1,
31081,NE,county,24.5,
31083,NE,county,24.5,
31085,NE,county,24.5,
31087,NE,county,24.5,
31089,NE,county,24.5,
31091,NE,county,24.5,
31093,NE,county,24.5,
31095,NE,county,24.5,
31097,NE,county,24.5,
31099,NE,county,24.5,
31101,NE,county,24.5,
31103,NE,county,24.5,
31105,NE,county,24.5,
31107,NE,county,24.5,
31109,NE,county,26.3,
31111,NE,county,17.2,
31113,NE,county,24.5,
31115,NE,county,24.5,
31117,NE,county,24.5,
31119,NE,county,22.4,
31121,NE,county,24.5,
31123,NE,county,24.5,
31125,NE,county,24.5,
31127,NE,county,24.5,
31129,NE,county,24.5,
31131,NE,county,24.5,
31133,NE,county,24.5,
31135,NE,county,24.5,
31137,NE,county,24.5,
31139,NE,county,24.5,
31141,NE,county,24.5,
31143,NE,county,24.5,
31145,NE,county,24.5,
31147,NE,county,24.5,
31149,NE,county,24.5,
31151,NE,county,24.5,
31153,NE,county,21.2,
31155,NE,county,24.5,
31157,NE,county,24.5,
31159,NE,county,24.5,
31161,NE,county,24.5,
31163,NE,county,24.5,
31165,NE,county,24.5,
31167,NE,county,24.5,
31169,NE,county,24.5,
31171,NE,county,24.5,
31173,NE,county,24.5,
31175,NE,county,24.5,
31177,NE,county,24.5,
31179,NE,county,24.5,
31181,NE,county,24.5,
31183,NE,county,24.5,
31185,NE,county,24.5,
31999,NE,county,24.5,
33001,NH,county,25.8,
33003,NH,county,29.6,
33005,NH,county,24.4,
33007,NH,county,32.9,
33009,NH,county,19.2,
33011,NH,county,33,
33013,NH,county,25.4,
33015,NH,county,34,
33017,NH,county,23,
33019,NH,county,18,
33999,NH,county,99999,
,NJ,county,58.7,
34001,NJ,county,30.9,
34003,NJ,county,41.7,
34005,NJ,county,35,
34007,NJ,county,33.2,
34009,NJ,county,32.6,
34011,NJ,county,34.9,
34013,NJ,county,38.7,
34015,NJ,county,31.9,
34017,NJ,county,40.9,
34019,NJ,county,34.2,
34021,NJ,county,34.7,
34023,NJ,county,40.6,
34025,NJ,county,40.1,
34027,NJ,county,37.6,
34029,NJ,county,45.9,
34031,NJ,county,40.8,
34033,NJ,county,29,
34035,NJ,county,41.1,
34037,NJ,county,43.1,
34039,NJ,county,37.1,
34041,NJ,county,31.1,
34999,NJ,county,58.7,
35001,NM,county,13.4,
35003,NM,county,24.3,
35005,NM,county,38.1,
35006,NM,county,24.3,
35007,NM,county,24.3,
35009,NM,county,24.3,
35011,NM,county,24.3,
35013,NM,county,28.6,
35015,NM,county,20.4,
35017,NM,county,24.3,
35019,NM,county,24.3,
35021,NM,county,24.3,
35023,NM,county,24.3,
35025,NM,county,34.7,
35027,NM,county,24.3,
35028,NM,county,24.3,
35029,NM,county,24.3,
35031,NM,county,12.6,
35033,NM,county,24.3,
35035,NM,county,24.3,
35037,NM,county,24.3,
35039,NM,county,24.3,
35041,NM,county,24.3,
35043,NM,county,17,
35045,NM,county,21.6,
35047,NM,county,24.3,
35049,NM,county,25.8,
35051,NM,county,24.3,
35053,NM,county,24.3,
35055,NM,county,24.3,
35057,NM,county,24.3,
35059,NM,county,24.3,
35061,NM,county,24.3,
35999,NM,county,24.3,
32001,NV,county,30.6,
32003,NV,county,34.9,
32005,NV,county,32.1,
32007,NV,county,30.6,
32009,NV,county,30.6,
32011,NV,county,30.6,
32013,NV,county,30.6,
32015,NV,county,30.6,
32017,NV,county,30.6,
32019,NV,county,30.8,
32021,NV,county,30.6,
32023,NV,county,30.6,
32027,NV,county,30.6,
32029,NV,county,30.6,
32031,NV,county,30.2,
32033,NV,county,30.6,
32510,NV,county,32.1,
32999,NV,county,30.6,
36001,NY,county,33,
36003,NY,county,30.4,
36005,NY,county,36.8,
36007,NY,county,24.5,
36009,NY,county,30.3,
36011,NY,county,41.1,
36013,NY,county,32.8,
36015,NY,county,26.7,
36017,NY,county,30.4,
36019,NY,county,20.9,
36021,NY,county,39.5,
36023,NY,county,30.4,
36025,NY,county,31.3,
36027,NY,county,38.5,
36029,NY,county,32.4,
36031,NY,county,30.4,
36033,NY,county,32.7,
36035,NY,county,37.5,
36037,NY,county,30.4,
36039,NY,county,34.7,
36041,NY,county,30.4,
36043,NY,county,30.4,
36045,NY,county,32.3,
36047,NY,county,50.2,
36049,NY,county,30.4,
36051,NY,county,30.4,
36053,NY,county,30.4,
36055,NY,county,25.5,
36057,NY,county,41.9,
36059,NY,county,45.7,
36061,NY,county,38,
36063,NY,county,35.4,
36065,NY,county,42.4,
36067,NY,county,33.1,
36069,NY,county,28.4,
36071,NY,county,37.7,
36073,NY,county,30.4,
36075,NY,county,29.4,
36077,NY,county,19.8,
36079,NY,county,48.4,
36081,NY,county,48.1,
36083,NY,county,40,
36085,NY,county,43.8,
36087,NY,county,48,
36089,NY,county,31.7,
36091,NY,county,31.9,
36093,NY,county,32.7,
36095,NY,county,30.4,
36097,NY,county,30.4,
36099,NY,county,30.4,
36101,NY,county,33.3,
36103,NY,county,45.3,
36105,NY,county,38.7,
36107,NY,county,15.7,
36109,NY,county,31.3,
36111,NY,county,37.2,
36113,NY,county,30.4,
36115,NY,county,30.4,
36117,NY,county,30.6,
36119,NY,county,41.8,
36121,NY,county,30.4,
36123,NY,county,30.4,
36999,NY,county,30.4,
,OH,county,27.8,
39001,OH,county,34.3,
39003,OH,county,18.6,
39005,OH,county,24,
39007,OH,county,27.1,
39009,OH,county,15.7,
39011,OH,county,18.9,
39013,OH,county,30.7,
39015,OH,county,27.8,
39017,OH,county,25.7,
39019,OH,county,27.8,
39021,OH,county,27.8,
39023,OH,county,35.3,
39025,OH,county,29.6,
39027,OH,county,27.8,
39029,OH,county,29.6,
39031,OH,county,24.6,
39033,OH,county,27.8,
39035,OH,county,21.2,
39037,OH,county,26.2,
39039,OH,county,17.8,
39041,OH,county,29.6,
39043,OH,county,19.2,
39045,OH,county,26.2,
39047,OH,county,27.8,
39049,OH,county,28.2,
39051,OH,county,27.8,
39053,OH,county,37.2,
39055,OH,county,20.9,
39057,OH,county,36.1,
39059,OH,county,40,
39061,OH,county,20.1,
39063,OH,county,26.2,
39065,OH,county,25.3,
39067,OH,county,27.8,
39069,OH,county,27.8,
39071,OH,county,29.8,
39073,OH,county,27.8,
39075,OH,county,27.8,
39077,OH,county,19.4,
39079,OH,county,33.1,
39081,OH,county,20.9,
39083,OH,county,17.9,
39085,OH,county,19.1,
39087,OH,county,19,
39089,OH,county,25.7,
39091,OH,county,29.1,
39093,OH,county,25,
39095,OH,county,19.7,
39097,OH,county,27.8,
39099,OH,county,31.8,
39101,OH,county,21.8,
39103,OH,county,33.1,
39105,OH,county,26.7,
39107,OH,county,18.4,
39109,OH,county,29.9,
39111,OH,county,27.8,
39113,OH,county,34.1,
39115,OH,county,27.8,
39117,OH,county,27.8,
39119,OH,county,30.9,
39121,OH,county,27.8,
39123,OH,county,20.8,
39125,OH,county,27.8,
39127,OH,county,27.8,
39129,OH,county,27.8,
39131,OH,county,27.8,
39133,OH,county,28.2,
39135,OH,county,18.6,
39137,OH,county,27.8,
39139,OH,county,21.6,
39141,OH,county,22.5,
39143,OH,county,27.1,
39145,OH,county,22.5,
39147,OH,county,20.5,
39149,OH,county,27.8,
39151,OH,county,32.9,
39153,OH,county,23.6,
39155,OH,county,32.1,
39157,OH,county,26.6,
39159,OH,county,27.8,
39161,OH,county,27.8,
39163,OH,county,27.8,
39165,OH,county,27.2,
39167,OH,county,20.1,
39169,OH,county,27.2,
39171,OH,county,12.4,
39173,OH,county,29.5,
39175,OH,county,27.8,
39999,OH,county,27.8,
99999,OH,county,27.8,
40001,OK,county,25,
40003,OK,county,25,
40005,OK,county,25,
40007,OK,county,25,
40009,OK,county,25,
40011,OK,county,25,
40013,OK,county,18.3,
40015,OK,county,25,
40017,OK,county,21.9,
40019,OK,county,20.6,
40021,OK,county,14.5,
40023,OK,county,25,
40025,OK,county,25,
40027,OK,county,30.4,
40029,OK,county,25,
40031,OK,county,25,
40033,OK,county,25,
40035,OK,county,25,
40037,OK,county,20.5,
40039,OK,county,25,
40041,OK,county,26.8,
40043,OK,county,25,
40045,OK,county,25,
40047,OK,county,27.7,
40049,OK,county,25,
40051,OK,county,24.2,
40053,OK,county,25,
40055,OK,county,25,
40057,OK,county,25,
40059,OK,county,25,
40061,OK,county,25,
40063,OK,county,25,
40065,OK,county,25,
40067,OK,county,25,
40069,OK,county,25,
40071,OK,county,21.2,
40073,OK,county,25,
40075,OK,county,25,
40077,OK,county,25,
40079,OK,county,24.3,
40081,OK,county,25,
40083,OK,county,25,
40085,OK,county,25,
40087,OK,county,25,
40089,OK,county,28.3,
40091,OK,county,25.2,
40093,OK,county,25,
40095,OK,county,30.6,
40097,OK,county,19,
40099,OK,county,25,
40101,OK,county,30,
40103,OK,county,25,
40105,OK,county,25,
40107,OK,county,25,
40109,OK,county,19.9,
40111,OK,county,27.4,
40113,OK,county,19.4,
40115,OK,county,28.9,
40117,OK,county,25,
40119,OK,county,20.8,
40121,OK,county,21.1,
40123,OK,county,25,
40125,OK,county,33.4,
40127,OK,county,25,
40129,OK,county,25,
40131,OK,county,15.7,
40133,OK,county,23,
40135,OK,county,20.8,
40137,OK,county,30.3,
40139,OK,county,25,
40141,OK,county,25,
40143,OK,county,17.1,
40145,OK,county,25.2,
40147,OK,county,22.8,
40149,OK,county,25,
40151,OK,county,25,
40153,OK,county,25,
40999,OK,county,25,
,OR,county,20.7,
41001,OR,county,20.7,
41003,OR,county,20.7,
41005,OR,county,19.8,
41007,OR,county,22.3,
41009,OR,county,20.7,
41011,OR,county,29.8,
41013,OR,county,20.7,
41015,OR,county,27.3,
41017,OR,county,24.7,
41019,OR,county,24.5,
41021,OR,county,20.7,
41023,OR,county,20.7,
41025,OR,county,20.7,
41027,OR,county,20.7,
41029,OR,county,25.1,
41031,OR,county,20.7,
41033,OR,county,29.7,
41035,OR,county,13,
41037,OR,county,20.7,
41039,OR,county,20.6,
41041,OR,county,20.2,
41043,OR,county,20.9,
41045,OR,county,20.7,
41047,OR,county,26.6,
41049,OR,county,20.7,
41051,OR,county,17.3,
41053,OR,county,20.7,
41055,OR,county,20.7,
41057,OR,county,20.7,
41059,OR,county,23.8,
41061,OR,county,20.7,
41063,OR,county,20.7,
41065,OR,county,20.7,
41067,OR,county,13.7,
41069,OR,county,20.7,
41071,OR,county,16.6,
,PA,county,32.6,
42001,PA,county,38.1,
42003,PA,county,26.6,
42005,PA,county,32.6,
42007,PA,county,25.7,
42009,PA,county,37.2,
42011,PA,county,32.6,
42013,PA,county,21.2,
42015,PA,county,22.7,
42017,PA,county,33.4,
42019,PA,county,39.5,
42021,PA,county,29.2,
42023,PA,county,32.6,
42025,PA,county,28.7,
42027,PA,county,18.6,
42029,PA,county,33.8,
42031,PA,county,32.6,
42033,PA,county,32.7,
42035,PA,county,32.6,
42037,PA,county,25.5,
42039,PA,county,29.3,
42041,PA,county,31.1,
42043,PA,county,30.9,
42045,PA,county,31.1,
42047,PA,county,32.6,
42049,PA,county,30.5,
42051,PA,county,33.6,
42053,PA,county,32.6,
42055,PA,county,21,
42057,PA,county,32.6,
42059,PA,county,32.6,
42061,PA,county,32.1,
42063,PA,county,16.6,
42065,PA,county,32.6,
42067,PA,county,32.6,
42069,PA,county,28.8,
42071,PA,county,32,
42073,PA,county,34.5,
42075,PA,county,20.5,
42077,PA,county,24.1,
42079,PA,county,26.1,
42081,PA,county,31.3,
42083,PA,county,43.5,
42085,PA,county,32,
42087,PA,county,30.6,
42089,PA,county,26.1,
42091,PA,county,34.4,
42093,PA,county,32.6,
42095,PA,county,25,
42097,PA,county,33.7,
42099,PA,county,32.6,
42101,PA,county,31.2,
42103,PA,county,36.2,
42105,PA,county,32.6,
42107,PA,county,27,
42109,PA,county,32.6,
42111,PA,county,26,
42113,PA,county,32.6,
42115,PA,county,20.1,
42117,PA,county,23.1,
42119,PA,county,32.6,
42121,PA,county,37.2,
42123,PA,county,26.4,
42125,PA,county,26.6,
42127,PA,county,28.5,
42129,PA,county,25.7,
42131,PA,county,32.6,
42133,PA,county,30.8,
42999,PA,county,32.6,
44001,RI,county,35.8,
44003,RI,county,34.1,
44005,RI,county,32,
44007,RI,county,31.9,
44009,RI,county,30.6,
,SC,county,27.6,
45001,SC,county,27.6,
45003,SC,county,28.3,
45005,SC,county,27.6,
45007,SC,county,24.9,
45009,SC,county,27.6,
45011,SC,county,27.6,
45013,SC,county,37.8,
45015,SC,county,37.2,
45017,SC,county,27.6,
45019,SC,county,24.9,
45021,SC,county,31.2,
45023,SC,county,26.9,
45025,SC,county,31.9,
45027,SC,county,33.2,
45029,SC,county,27.6,
45031,SC,county,37.5,
45033,SC,county,36.6,
45035,SC,county,32,
45037,SC,county,27.6,
45039,SC,county,27.6,
45041,SC,county,31.4,
45043,SC,county,25,
45045,SC,county,28.5,
45047,SC,county,26,
45049,SC,county,27.6,
45051,SC,county,32,
45053,SC,county,27.6,
45055,SC,county,31.1,
45057,SC,county,36.4,
45059,SC,county,27.6,
45061,SC,county,27.6,
45063,SC,county,24.5,
45065,SC,county,27.6,
45067,SC,county,27,
45069,SC,county,27.6,
45071,SC,county,27.6,
45073,SC,county,23,
45075,SC,county,28,
45077,SC,county,25.4,
45079,SC,county,30.8,
45081,SC,county,27.6,
45083,SC,county,31.9,
45085,SC,county,32.8,
45087,SC,county,27.6,
45089,SC,county,35.2,
45091,SC,county,30.8,
45999,SC,county,27.6,
46003,SD,county,28.3,
46005,SD,county,28.3,
46007,SD,county,28.3,
46009,SD,county,28.3,
46011,SD,county,28.3,
46013,SD,county,26.6,
46015,SD,county,28.3,
46017,SD,county,28.3,
46019,SD,county,28.3,
46021,SD,county,28.3,
46023,SD,county,28.3,
46025,SD,county,28.3,
46027,SD,county,28.3,
46029,SD,county,28.3,
46031,SD,county,28.3,
46033,SD,county,28.3,
46035,SD,county,28.3,
46037,SD,county,28.3,
46039,SD,county,28.3,
46041,SD,county,28.3,
46043,SD,county,28.3,
46045,SD,county,28.3,
46047,SD,county,28.3,
46049,SD,county,28.3,
46051,SD,county,28.3,
46053,SD,county,28.3,
46055,SD,county,28.3,
46057,SD,county,28.3,
46059,SD,county,28.3,
46061,SD,county,28.3,
46063,SD,county,28.3,
46065,SD,county,28.3,
46067,SD,county,28.3,
46069,SD,county,28.3,
46071,SD,county,28.3,
46073,SD,county,28.3,
46075,SD,county,28.3,
46077,SD,county,28.3,
46079,SD,county,28.3,
46081,SD,county,28.3,
46083,SD,county,28.3,
46085,SD,county,28.3,
46087,SD,county,28.3,
46089,SD,county,28.3,
46091,SD,county,28.3,
46093,SD,county,28.3,
46095,SD,county,28.3,
46097,SD,county,28.3,
46099,SD,county,26.3,
46101,SD,county,28.3,
46102,SD,county,28.3,
46103,SD,county,25.9,
46105,SD,county,28.3,
46107,SD,county,28.3,
46109,SD,county,28.3,
46111,SD,county,28.3,
46113,SD,county,28.3,
46115,SD,county,28.3,
46117,SD,county,28.3,
46119,SD,county,28.3,
46121,SD,county,28.3,
46123,SD,county,28.3,
46125,SD,county,28.3,
46127,SD,county,28.3,
46129,SD,county,28.3,
46135,SD,county,28.3,
46137,SD,county,28.3,
46999,SD,county,28.3,
47001,TN,county,24,
47003,TN,county,39.1,
47005,TN,county,30.5,
47007,TN,county,30.5,
47009,TN,county,28,
47011,TN,county,44.4,
47013,TN,county,30.5,
47015,TN,county,30.5,
47017,TN,county,32.2,
47019,TN,county,28.9,
47021,TN,county,30.5,
47023,TN,county,30.5,
47025,TN,county,30.5,
47027,TN,county,30.5,
47029,TN,county,46,
47031,TN,county,37.4,
47033,TN,county,30.5,
47035,TN,county,34,
47037,TN,county,27.4,
47039,TN,county,30.5,
47041,TN,county,30.5,
47043,TN,county,45.2,
47045,TN,county,36.7,
47047,TN,county,43.9,
47049,TN,county,36,
47051,TN,county,40.3,
47053,TN,county,31.9,
47055,TN,county,44.3,
47057,TN,county,30.5,
47059,TN,county,26.9,
47061,TN,county,30.5,
47063,TN,county,33.4,
47065,TN,county,29.3,
47067,TN,county,30.5,
47069,TN,county,33.1,
47071,TN,county,36.8,
47073,TN,county,30.5,
47075,TN,county,30.5,
47077,TN,county,26.3,
47079,TN,county,30.4,
47081,TN,county,30.5,
47083,TN,county,30.5,
47085,TN,county,30.5,
47087,TN,county,30.5,
47089,TN,county,41.3,
47091,TN,county,30.5,
47093,TN,county,32.8,
47095,TN,county,30.5,
47097,TN,county,30.5,
47099,TN,county,30.3,
47101,TN,county,30.5,
47103,TN,county,30.5,
47105,TN,county,34,
47107,TN,county,28.9,
47109,TN,county,25.2,
47111,TN,county,30.5,
47113,TN,county,28.1,
47115,TN,county,30.5,
47117,TN,county,30.5,
47119,TN,county,25.4,
47121,TN,county,30.5,
47123,TN,county,34.4,
47125,TN,county,31.7,
47127,TN,county,30.5,
47129,TN,county,30.5,
47131,TN,county,29,
47133,TN,county,30.5,
47135,TN,county,30.5,
47137,TN,county,30.5,
47139,TN,county,30.5,
47141,TN,county,25.5,
47143,TN,county,30.5,
47145,TN,county,28.2,
47147,TN,county,33.4,
47149,TN,county,30.9,
47151,TN,county,30.5,
47153,TN,county,30.5,
47155,TN,county,28.6,
47157,TN,county,34.2,
47159,TN,county,30.5,
47161,TN,county,30.5,
47163,TN,county,24,
47165,TN,county,30.6,
47167,TN,county,22.7,
47169,TN,county,30.5,
47171,TN,county,30.5,
47173,TN,county,30.5,
47175,TN,county,30.5,
47177,TN,county,33.4,
47179,TN,county,30.9,
47181,TN,county,30.5,
47183,TN,county,27.5,
47185,TN,county,38.8,
47187,TN,county,28.2,
47189,TN,county,35.1,
,TX,county,30.3,
48001,TX,county,39.5,
48003,TX,county,30.3,
48005,TX,county,26.1,
48007,TX,county,30.3,
48009,TX,county,30.3,
48013,TX,county,30.3,
48015,TX,county,30.3,
48017,TX,county,30.3,
48019,TX,county,30.3,
48021,TX,county,30.3,
48023,TX,county,30.3,
48025,TX,county,30.3,
48027,TX,county,22.9,
48029,TX,county,37.2,
48031,TX,county,30.3,
48035,TX,county,30.3,
48037,TX,county,26.6,
48039,TX,county,28.6,
48041,TX,county,32.7,
48043,TX,county,30.3,
48045,TX,county,30.3,
48047,TX,county,30.3,
48049,TX,county,30.3,
48051,TX,county,30.3,
48053,TX,county,23.8,
48055,TX,county,30.3,
48057,TX,county,30.3,
48059,TX,county,30.3,
48061,TX,county,51.1,
48063,TX,county,30.3,
48065,TX,county,30.3,
48067,TX,county,27.7,
48069,TX,county,30.3,
48071,TX,county,30.3,
48073,TX,county,30.3,
48075,TX,county,30.3,
48077,TX,county,30.3,
48079,TX,county,30.3,
48081,TX,county,30.3,
48083,TX,county,30.3,
48085,TX,county,36.7,
48087,TX,county,30.3,
48089,TX,county,30.3,
48091,TX,county,34.6,
48093,TX,county,30.3,
48095,TX,county,30.3,
48097,TX,county,30.3,
48099,TX,county,30.3,
48101,TX,county,30.3,
48103,TX,county,30.3,
48105,TX,county,30.3,
48107,TX,county,30.3,
48109,TX,county,30.3,
48111,TX,county,30.3,
48113,TX,county,31.7,
48115,TX,county,30.3,
48117,TX,county,30.3,
48119,TX,county,30.3,
48121,TX,county,32.6,
48123,TX,county,30.3,
48125,TX,county,30.3,
48127,TX,county,30.3,
48129,TX,county,30.3,
48131,TX,county,30.3,
48133,TX,county,30.3,
48135,TX,county,20.4,
48137,TX,county,30.3,
48139,TX,county,33,
48141,TX,county,33.7,
48143,TX,county,30.3,
48145,TX,county,30.3,
48147,TX,county,33.3,
48149,TX,county,30.3,
48151,TX,county,30.3,
48153,TX,county,30.3,
48155,TX,county,30.3,
48157,TX,county,32.1,
48159,TX,county,30.3,
48161,TX,county,30.3,
48163,TX,county,30.3,
48165,TX,county,30.3,
48167,TX,county,22.2,
48169,TX,county,30.3,
48171,TX,county,30.3,
48173,TX,county,30.3,
48175,TX,county,30.3,
48177,TX,county,30.3,
48179,TX,county,30.3,
48181,TX,county,29.4,
48183,TX,county,34.7,
48185,TX,county,30.3,
48187,TX,county,34.1,
48189,TX,county,30.3,
48191,TX,county,30.3,
48193,TX,county,30.3,
48195,TX,county,30.3,
48197,TX,county,30.3,
48199,TX,county,30.3,
48201,TX,county,29.2,
48203,TX,county,40.8,
48205,TX,county,30.3,
48207,TX,county,30.3,
48209,TX,county,32.3,
48211,TX,county,30.3,
48213,TX,county,24.9,
48215,TX,county,43.6,
48217,TX,county,30.3,
48219,TX,county,30.3,
48221,TX,county,29.7,
48223,TX,county,24.9,
48225,TX,county,30.3,
48227,TX,county,30.3,
48229,TX,county,30.3,
48231,TX,county,34.2,
48233,TX,county,30.3,
48235,TX,county,30.3,
48237,TX,county,30.3,
48239,TX,county,30.3,
48241,TX,county,30.3,
48243,TX,county,30.3,
48245,TX,county,33.5,
48247,TX,county,30.3,
48249,TX,county,30.3,
48251,TX,county,33.4,
48253,TX,county,30.3,
48255,TX,county,30.3,
48257,TX,county,32.4,
48259,TX,county,30.3,
48261,TX,county,30.3,
48263,TX,county,30.3,
48265,TX,county,28.5,
48267,TX,county,30.3,
48269,TX,county,30.3,
48271,TX,county,30.3,
48273,TX,county,30.3,
48275,TX,county,30.3,
48277,TX,county,36.1,
48279,TX,county,30.3,
48281,TX,county,30.3,
48283,TX,county,30.3,
48285,TX,county,30.3,
48287,TX,county,30.3,
48289,TX,county,30.3,
48291,TX,county,27.3,
48293,TX,county,30.3,
48295,TX,county,30.3,
48297,TX,county,30.3,
48299,TX,county,30.3,
48303,TX,county,29.4,
48305,TX,county,30.3,
48307,TX,county,30.3,
48309,TX,county,26.1,
48311,TX,county,30.3,
48313,TX,county,30.3,
48315,TX,county,30.3,
48317,TX,county,30.3,
48319,TX,county,30.3,
48321,TX,county,30.3,
48323,TX,county,52.1,
48325,TX,county,30.3,
48327,TX,county,30.3,
48329,TX,county,31.3,
48331,TX,county,30.3,
48333,TX,county,30.3,
48335,TX,county,30.3,
48337,TX,county,30.3,
48339,TX,county,30.9,
48341,TX,county,30.3,
48343,TX,county,30.3,
48345,TX,county,30.3,
48347,TX,county,28.8,
48349,TX,county,34,
48351,TX,county,30.3,
48353,TX,county,30.3,
48355,TX,county,39.3,
48357,TX,county,30.3,
48359,TX,county,30.3,
48361,TX,county,31.6,
48363,TX,county,31.2,
48365,TX,county,30.3,
48367,TX,county,30.4,
48369,TX,county,30.3,
48371,TX,county,30.3,
48373,TX,county,34.7,
48375,TX,county,33,
48377,TX,county,30.3,
48379,TX,county,30.3,
48381,TX,county,38.2,
48383,TX,county,30.3,
48385,TX,county,30.3,
48387,TX,county,30.3,
48389,TX,county,30.3,
48391,TX,county,30.3,
48393,TX,county,30.3,
48395,TX,county,30.3,
48397,TX,county,31.5,
48399,TX,county,30.3,
48401,TX,county,33.9,
48403,TX,county,30.3,
48405,TX,county,30.3,
48407,TX,county,30.3,
48409,TX,county,30.3,
48411,TX,county,30.3,
48413,TX,county,30.3,
48415,TX,county,30.3,
48417,TX,county,30.3,
48419,TX,county,30.3,
48421,TX,county,30.3,
48423,TX,county,30.6,
48425,TX,county,30.3,
48427,TX,county,52.5,
48429,TX,county,30.3,
48431,TX,county,30.3,
48433,TX,county,30.3,
48435,TX,county,30.3,
48437,TX,county,30.3,
48439,TX,county,30.7,
48441,TX,county,35.9,
48443,TX,county,30.3,
48445,TX,county,30.3,
48447,TX,county,30.3,
48449,TX,county,30.3,
48451,TX,county,38,
48453,TX,county,30.1,
48455,TX,county,30.3,
48457,TX,county,30.3,
48459,TX,county,30.3,
48461,TX,county,30.3,
48463,TX,county,30.3,
48465,TX,county,42.9,
48467,TX,county,31.9,
48469,TX,county,40.8,
48471,TX,county,31.9,
48473,TX,county,30.3,
48475,TX,county,30.3,
48477,TX,county,23.2,
48479,TX,county,43.5,
48481,TX,county,40.1,
48483,TX,county,30.3,
48485,TX,county,36.8,
48487,TX,county,30.3,
48489,TX,county,30.3,
48491,TX,county,27.4,
48493,TX,county,30.3,
48495,TX,county,30.3,
48497,TX,county,38.1,
48499,TX,county,26,
48501,TX,county,30.3,
48503,TX,county,30.3,
48505,TX,county,30.3,
48507,TX,county,30.3,
48999,TX,county,30.3,
99999,TX,county,30.3,
49001,UT,county,24.3,
49003,UT,county,24.3,
49005,UT,county,24.3,
49007,UT,county,24.3,
49009,UT,county,24.3,
49011,UT,county,31.4,
49013,UT,county,24.3,
49015,UT,county,24.3,
49017,UT,county,24.3,
49019,UT,county,24.3,
49021,UT,county,24.3,
49023,UT,county,24.3,
49025,UT,county,24.3,
49027,UT,county,24.3,
49029,UT,county,24.3,
49031,UT,county,24.3,
49033,UT,county,24.3,
49035,UT,county,24,
49037,UT,county,24.3,
49039,UT,county,24.3,
49041,UT,county,24.3,
49043,UT,county,24.3,
49045,UT,county,24.3,
49047,UT,county,24.3,
49049,UT,county,34.3,
49051,UT,county,24.3,
49053,UT,county,23.3,
49055,UT,county,24.3,
49057,UT,county,24.3,
51001,VA,county,22.1,
51003,VA,county,18.1,
51005,VA,county,29.9,
51007,VA,county,29.9,
51009,VA,county,18.8,
51011,VA,county,29.9,
51013,VA,county,33,
51015,VA,county,23.5,
51017,VA,county,29.9,
51019,VA,county,26,
51021,VA,county,29.9,
51023,VA,county,32.4,
51025,VA,county,29.9,
51027,VA,county,28.1,
51029,VA,county,29.9,
51031,VA,county,27,
51033,VA,county,29.9,
51035,VA,county,43.8,
51036,VA,county,29.9,
51037,VA,county,29.9,
51041,VA,county,29.1,
51043,VA,county,29.9,
51045,VA,county,29.9,
51047,VA,county,30.8,
51049,VA,county,29.9,
51051,VA,county,29.9,
51053,VA,county,29.9,
51057,VA,county,29.9,
51059,VA,county,37.4,
51061,VA,county,26.7,
51063,VA,county,29.9,
51065,VA,county,29.9,
51067,VA,county,35.4,
51069,VA,county,31.3,
51071,VA,county,29.9,
51073,VA,county,29.9,
51075,VA,county,29.9,
51077,VA,county,29.9,
51079,VA,county,29.9,
51081,VA,county,29.9,
51083,VA,county,21.9,
51085,VA,county,34.2,
51087,VA,county,27.4,
51089,VA,county,23.2,
51091,VA,county,29.9,
51093,VA,county,29.9,
51095,VA,county,40,
51097,VA,county,29.9,
51099,VA,county,29.9,
51101,VA,county,29.9,
51103,VA,county,29.9,
51105,VA,county,29.9,
51107,VA,county,30.7,
51109,VA,county,28.7,
51111,VA,county,29.9,
51113,VA,county,29.9,
51115,VA,county,29.9,
51117,VA,county,35.8,
51119,VA,county,29.9,
51121,VA,county,18.6,
51125,VA,county,29.9,
51127,VA,county,29.9,
51131,VA,county,29.9,
51133,VA,county,29.9,
51135,VA,county,29.9,
51137,VA,county,29.9,
51139,VA,county,26.1,
51141,VA,county,29.9,
51143,VA,county,28.1,
51145,VA,county,29.9,
51147,VA,county,22.7,
51149,VA,county,29.9,
51153,VA,county,32.6,
51155,VA,county,28.9,
51157,VA,county,29.9,
51159,VA,county,29.9,
51161,VA,county,26.6,
51163,VA,county,29.9,
51165,VA,county,35,
51167,VA,county,19.8,
51169,VA,county,29.9,
51171,VA,county,31.6,
51173,VA,county,28.6,
51175,VA,county,29.9,
51177,VA,county,27.8,
51179,VA,county,34.2,
51181,VA,county,29.9,
51183,VA,county,29.9,
51185,VA,county,37.8,
51187,VA,county,29.9,
51191,VA,county,21.6,
51193,VA,county,29.9,
51195,VA,county,21.8,
51197,VA,county,33.1,
51199,VA,county,29.9,
51510,VA,county,29.9,
51515,VA,county,29.9,
51520,VA,county,29.9,
51530,VA,county,29.9,
51540,VA,county,29.9,
51550,VA,county,30.2,
51560,VA,county,29.9,
51570,VA,county,29.9,
51580,VA,county,29.9,
51590,VA,county,33.2,
51595,VA,county,29.9,
51600,VA,county,29.9,
51610,VA,county,29.9,
51620,VA,county,29.9,
51630,VA,county,29.9,
51640,VA,county,29.9,
51650,VA,county,19.7,
51660,VA,county,29.9,
51670,VA,county,29.9,
51678,VA,county,29.9,
51680,VA,county,24.3,
51683,VA,county,29.9,
51685,VA,county,29.9,
51690,VA,county,29.9,
51700,VA,county,25.8,
51710,VA,county,23.2,
51720,VA,county,29.9,
51730,VA,county,29.9,
51735,VA,county,29.9,
51740,VA,county,22.5,
51750,VA,county,29.9,
51760,VA,county,20.4,
51770,VA,county,26.2,
51775,VA,county,29.9,
51790,VA,county,29.9,
51800,VA,county,29.2,
51810,VA,county,26.3,
51820,VA,county,29.9,
51830,VA,county,29.9,
51840,VA,county,29.9,
51999,VA,county,29.9,
50001,VT,county,16.5,
50003,VT,county,17,
50005,VT,county,12.4,
50007,VT,county,24.6,
50009,VT,county,16.5,
50011,VT,county,16.6,
50013,VT,county,16.5,
50015,VT,county,16.5,
50017,VT,county,15.3,
50019,VT,county,20.3,
50021,VT,county,20.7,
50023,VT,county,17.6,
50025,VT,county,29.2,
50027,VT,county,18.3,
53001,WA,county,21.1,
53003,WA,county,21.1,
53005,WA,county,29.2,
53007,WA,county,23.6,
53009,WA,county,17.3,
53011,WA,county,21.2,
53013,WA,county,21.1,
53015,WA,county,16.8,
53017,WA,county,23.7,
53019,WA,county,21.1,
53021,WA,county,22.3,
53023,WA,county,21.1,
53025,WA,county,24.6,
53027,WA,county,28.1,
53029,WA,county,32.4,
53031,WA,county,26,
53033,WA,county,20.9,
53035,WA,county,20.9,
53037,WA,county,29.4,
53039,WA,county,21.1,
53041,WA,county,16.9,
53043,WA,county,21.1,
53045,WA,county,20.1,
53047,WA,county,30.7,
53049,WA,county,33.5,
53051,WA,county,21.1,
53053,WA,county,22.8,
53055,WA,county,21.1,
53057,WA,county,25.7,
53059,WA,county,21.1,
53061,WA,county,22.1,
53063,WA,county,20.9,
53065,WA,county,22.7,
53067,WA,county,19.4,
53069,WA,county,21.1,
53071,WA,county,24.7,
53073,WA,county,18.1,
53075,WA,county,21.1,
53077,WA,county,27.9,
53999,WA,county,21.1,
55001,WI,county,20.8,
55003,WI,county,26.2,
55005,WI,county,26.2,
55007,WI,county,26.2,
55009,WI,county,26.5,
55011,WI,county,26.2,
55013,WI,county,26.2,
55015,WI,county,26.2,
55017,WI,county,23,
55019,WI,county,26.2,
55021,WI,county,23,
55023,WI,county,26.2,
55025,WI,county,20.8,
55027,WI,county,24.5,
55029,WI,county,26.2,
55031,WI,county,26.2,
55033,WI,county,26.2,
55035,WI,county,22.2,
55037,WI,county,26.2,
55039,WI,county,30.6,
55041,WI,county,26.2,
55043,WI,county,26.2,
55045,WI,county,27.1,
55047,WI,county,26.2,
55049,WI,county,26.2,
55051,WI,county,26.2,
55053,WI,county,26.2,
55055,WI,county,23.6,
55057,WI,county,26.2,
55059,WI,county,30.9,
55061,WI,county,26.2,
55063,WI,county,24.3,
55065,WI,county,26.2,
55067,WI,county,26.2,
55069,WI,county,26.2,
55071,WI,county,36.4,
55073,WI,county,36.3,
55075,WI,county,26.2,
55077,WI,county,26.2,
55078,WI,county,26.2,
55079,WI,county,20.6,
55081,WI,county,26.2,
55083,WI,county,26.2,
55085,WI,county,26.2,
55087,WI,county,30.7,
55089,WI,county,29.6,
55091,WI,county,26.2,
55093,WI,county,26.2,
55095,WI,county,26.2,
55097,WI,county,35.6,
55099,WI,county,26.2,
55101,WI,county,29.4,
55103,WI,county,26.2,
55105,WI,county,25,
55107,WI,county,26.2,
55109,WI,county,26.2,
55111,WI,county,32.7,
55113,WI,county,26.2,
55115,WI,county,26.2,
55117,WI,county,28.3,
55119,WI,county,26.2,
55121,WI,county,26.2,
55123,WI,county,26.2,
55125,WI,county,26.2,
55127,WI,county,26.4,
55129,WI,county,26.2,
55131,WI,county,22.8,
55133,WI,county,23.6,
55135,WI,county,26.2,
55137,WI,county,26.2,
55139,WI,county,26.2,
55141,WI,county,26.2,
55999,WI,county,26.2,
54001,WV,county,27.4,
54003,WV,county,23.7,
54005,WV,county,21.3,
54007,WV,county,27.4,
54009,WV,county,27.4,
54011,WV,county,20.8,
54013,WV,county,27.4,
54015,WV,county,27.4,
54017,WV,county,27.4,
54019,WV,county,31.3,
54021,WV,county,27.4,
54023,WV,county,27.4,
54025,WV,county,36.7,
54027,WV,county,27.4,
54029,WV,county,34.5,
54031,WV,county,27.4,
54033,WV,county,20.4,
54035,WV,county,27,
54037,WV,county,27.4,
54039,WV,county,22.6,
54041,WV,county,14,
54043,WV,county,27.4,
54045,WV,county,29.2,
54047,WV,county,34.9,
54049,WV,county,26.1,
54051,WV,county,24.4,
54053,WV,county,29.9,
54055,WV,county,33.9,
54057,WV,county,49.8,
54059,WV,county,32.2,
54061,WV,county,19.5,
54063,WV,county,27.4,
54065,WV,county,27.4,
54067,WV,county,19.9,
54069,WV,county,19.2,
54071,WV,county,27.4,
54073,WV,county,27.4,
54075,WV,county,27.4,
54077,WV,county,36.2,
54079,WV,county,25.7,
54081,WV,county,27.7,
54083,WV,county,30.2,
54085,WV,county,27.4,
54087,WV,county,27.4,
54089,WV,county,27.4,
54091,WV,county,27.4,
54093,WV,county,27.4,
54095,WV,county,27.4,
54097,WV,county,37.5,
54099,WV,county,17.2,
54101,WV,county,27.4,
54103,WV,county,27.4,
54105,WV,county,27.4,
54107,WV,county,24.3,
54109,WV,county,27,
54999,WV,county,27.4,
56001,WY,county,23.7,
56003,WY,county,23.7,
56005,WY,county,23.7,
56007,WY,county,23.7,
56009,WY,county,23.7,
56011,WY,county,23.7,
56013,WY,county,26,
56015,WY,county,23.7,
56017,WY,county,23.7,
56019,WY,county,23.7,
56021,WY,county,21.2,
56023,WY,county,23.7,
56025,WY,county,24.6,
56027,WY,county,23.7,
56029,WY,county,23.7,
56031,WY,county,23.7,
56033,WY,county,23.7,
56035,WY,county,23.7,
56037,WY,county,23.7,
56039,WY,county,23.7,
56041,WY,county,23.7,
56043,WY,county,23.7,
56045,WY,county,23.7,
56999,WY,county,23.7,
